[
    {
        "_id": "RS101",
        "name": "Rocket Propulsion",
        "number": "RS4550",
        "startDate": "2023-01-10",
        "endDate": "2023-05-15",
        "image": "rocket-propulsion.png"
    },
    {
        "_id": "RS102",
        "name": "Aerodynamics",
        "number": "RS4560",
        "startDate": "2023-01-10",
        "endDate": "2023-05-15",
        "image": "aerodynamics.png"
    },
    {
        "_id": "RS103",
        "name": "Spacecraft Design",
        "number": "RS4570",
        "startDate": "2023-01-10",
        "endDate": "2023-05-15",
        "image": "spaceship-design.png"
    }
]